{"gamma": 0.99, "learning_rate": 2.34366204488962e-05, "ent_coef": 8.01937248081377e-07, "clip_range": 0.2, "gae_lambda": 0.8, "max_grad_norm": 1, "vf_coef": 0.944631705305685, "log_std_init": -0.16347346228649018, "sde_sample_freq": 64}