{"gamma": 0.9999, "learning_rate": 0.5211907475187029, "ent_coef": 2.2669394612158775e-06, "clip_range": 0.4, "gae_lambda": 1.0, "max_grad_norm": 0.8, "vf_coef": 0.09000070805680038, "log_std_init": -0.07004182767989287, "sde_sample_freq": 128}